id_messaggio,testo_messaggio,data_messaggio,data,in_risposta_a
18052633895324030,"""ci sono solo maschi nelle posizioni di potere"". Infatti la Presidente del Consiglio Ã¨ donna e vi sono diverse ministre (Bernini, Roccella, SantanchÃ¨, Casellati ecc.). Poi che le idee e le azioni di queste persone siano negative e bigotte per quanto riguarda i diritti delle donne (soprattutto Roccella), Ã¨ un altro discorso. Mi chiedo a che cosa servano questi titoli populisti e imprecisi... Probabilmente a radicalizzare ancora di piÃ¹ il dibattito e a innescare litigi e polemiche nei commenti. ğŸ˜‰",2025-03-14 11:16:08,"1,741,947,368",
18133539895402940,Non penso che a una donna normale importi se il padrone Ã¨ uomo o donna.,2025-03-14 11:17:57,"1,741,947,477",
17857043106391422,Abbiamo letteralmente una donna al governo,2025-03-14 11:24:29,"1,741,947,869",
18078258253709224,Grazie mille,2025-03-14 11:26:37,"1,741,947,997",
18053401163164447,Quanto avete rotto il cazzo con questi piagnistei,2025-03-14 11:33:55,"1,741,948,435",
18005673221557268,"Il primo ministro Ã¨ donna, molti ministri ( circa un terzo) sono donne, nellâ€™opposizioni ci sono donne, al parlamento europeo vi sono molte donne, e non che faccia chissÃ  che differenza a questo punto ma il PRIMO CAZZO DI MINISTRO Ãˆ UNA DONNA. PerÃ² siamo maschilisti, ma vaffanculo",2025-03-14 11:37:45,"1,741,948,665",
18047317562062643,Non ce ne frega nulla se chi Ã¨ al potere ha un pene o una vagina. Ci interessa se Ã¨ preparato o no. Concentratevi su di quello e uscite da questa ossessione femminista per il vostro genere.,2025-03-14 11:38:58,"1,741,948,738",
17947946495955100,"@frigo.r_mortis con posizioni di potere non si intende esclusivamente la politica eh... Anzi, quelle sono lÃ¬ per fare presenza, per fare finta che ci sia paritÃ  di genere. Poi loro sono proprio le prime ad aver interiorizzato il pensiero patriarcale, basta sentire cosa dice la carciofara.",2025-03-14 11:39:02,"1,741,948,742",18052633895324030
18045411659360434,"Ãˆ vero,speriamo un giorno di avere una donna presidente del consiglio..ehi aspetta un attimo....",2025-03-14 11:42:16,"1,741,948,936",
18304062616209936,"@h.omosapiens ma parli per te per favore? ""Ce"" stoca**o, esiste anche gente che non ha il prosciutto negli occhi e vede che la ""preparazione"" tanto sbandierata passa prima dai pregiudizi. Prova a chiedere se in azienda sono pronti a prendere un ingegnere donna, prova.",2025-03-14 11:42:55,"1,741,948,975",18047317562062643
17971371062837059,@manuela.salzanotruccatrice da quando ciÃ² che uno dice Ã¨ influenzato dal sesso? non e la definizione di sessismo giudicare una persona o ciÃ² che dice solo dal sesso?,2025-03-14 11:43:06,"1,741,948,986",18047317562062643
18040786397421213,Imbarazzante,2025-03-14 11:43:52,"1,741,949,032",
18333666259090110,"Ci fosse mai una volta dove leggo, che ne so?, di equiparare il numero di donne e di uomini nello svolgimento di lavori pericolosi!",2025-03-14 11:44:12,"1,741,949,052",
17899231446054408,"@manuela.salzanotruccatrice giusto, perchÃ© l'opinione di un uomo vale meno, proprio come prevede l'antiaessismo",2025-03-14 11:45:01,"1,741,949,101",18133539895402940
18166880626328964,"@zerne_bog sta storia del patriarcato interiorizzato sta diventato una scusa per tutto. Prendi una qualsiasi donna di quelle la nella foto, mettila al potere e, nei limiti della sua ignoranza, farÃ  quello che farebbe un uomo. Sta storia poi del fare presenza Ã¨ abbastanza scema. Li ci si arriva tramite voto ed Ã¨ una cosa che le persone faticano a comprendere. Se ci sono arrivate (maschi e femmine) Ã¨ perchÃ© l'italiano cosÃ¬ ha votato. Sbagliando? Come sempre! Ma il sistema Ã¨ costruito per favorire un certo ""adattamento"" alla scorrettezza.",2025-03-14 11:45:26,"1,741,949,126",18052633895324030
18059849917854254,@h.omosapiens sembra che avere una vagina sia un merito per le femministe ğŸ˜‚ğŸ˜‚,2025-03-14 11:45:37,"1,741,949,137",18047317562062643
18006487973709648,A volte mi chiedo se chi scrive sta immondizia conosca davvero il significato delle parole che usa,2025-03-14 11:46:11,"1,741,949,171",
18035467532254909,"Le ambasciate sono rappresentate quasi solo da uomini? Ma secondo voi quante donne andrebbero a fare le abasciatrici in stati arabi, per esempio?",2025-03-14 11:46:20,"1,741,949,180",
18023178014451617,"@manuela.salzanotruccatrice non sta parlando a nome di tutte le donne, sta dicendo le cose come stanno, da quando devi avere una vagina per parlare di problematiche sociali?",2025-03-14 11:47:13,"1,741,949,233",18047317562062643
18050276102001333,@manuela.salzanotruccatrice a me non cambia se c'Ã¨ la meloni o Ignazio la russa per esempio,2025-03-14 11:47:15,"1,741,949,235",18133539895402940
18054279347130488,@frigo.r_mortis ğŸ‘ğŸ‘ğŸ‘ğŸ‘ğŸ‘,2025-03-14 11:47:23,"1,741,949,243",18052633895324030
18085354897610343,"@manuela.salzanotruccatrice perdonalo se ha un pene. Lo so, lo aveva anche l'uomo che ha ragionevolmente smesso di amarti, perÃ² non puoi fare guerra a tutti gli uomini solo perchÃ© sei arrabbiata.",2025-03-14 11:48:11,"1,741,949,291",18047317562062643
18042630263128009,"65% Ã¨ il 15% in piÃ¹ della perfetta paritÃ  numerica...ma veramente pensate che si arriverÃ  al 50/50 preciso? Pensavo che fosse importante la preparazione dk chi comanda, non gli organi sessuali.",2025-03-14 11:49:27,"1,741,949,367",
18093456136538791,@babbio.it infatti la presidente si fa chiare IL PRESIDENTEâ€¦ e poi hai ragione non cambia nulla due faÅ¡Ä‡Ã¯ incompetenti,2025-03-14 11:49:37,"1,741,949,377",18133539895402940
17941987511970671,Avete scritto una cosa talmente scema che non riesco nemmeno ad incazzarmi. Provo solo molta pena per voi e la vostra ossessione.,2025-03-14 11:49:38,"1,741,949,378",
18027369971361056,"@zerne_bog non ha affermati che chi c'Ã¨ Ã¨ preparato, ma che bisogna pensare alla preparazione, non al genere sessuale. Se una donna non Ã¨ preparata, o a fa altro o non fa nulla e lo stesso deve valere per un uomo. Ingegneri donne ce ne sono molti meno, ma non credo tu abbia dati per valutare quanti e perchÃ© non accettano donne. Spari frasi campate per aria e questo e distruttivo a livello comunicativo.",2025-03-14 11:50:16,"1,741,949,416",18047317562062643
18023797655439748,Lunga vita a questa sinistra,2025-03-14 11:50:26,"1,741,949,426",
18054981352933555,Ma perchÃ© nessuno mette del tritolo nella redazione di Domani? Non meritate di respirare,2025-03-14 11:50:42,"1,741,949,442",
18133240408404916,"@manuela.salzanotruccatrice nessuno parla a nome di tutti, ma se uno da preferenza alla vagina piuttosto che alla preparazione, allora forse.dovrebbe non parlare proprio .",2025-03-14 11:51:07,"1,741,949,467",18047317562062643
18070800904675855,@federicobasemauri Federicoâ€¦ se solo capissi ciÃ² che leggi,2025-03-14 11:51:37,"1,741,949,497",17941987511970671
18069306058884636,"@lo_spartiacque eppure lei ha scritto NON CE NE FREGA NULLAâ€¦, al mio paese Ã¨ plurale non singolare! Allora la prossima volta impari a scrivere in prima persona",2025-03-14 11:52:35,"1,741,949,555",18047317562062643
18019115384679298,@lo_spartiacque ahahahaha perchÃ© il qualunquismo di questo commento invece non Ã¨ campato per aria. Minimizzate sempre tutto quando non Ve ne frega un ca**o. Fate ridere.,2025-03-14 11:52:48,"1,741,949,568",18047317562062643
17902955469109032,@alessiomoroni_art Eh ma se non porta avanti le battaglie femministe non vale...,2025-03-14 11:53:14,"1,741,949,594",18045411659360434
18055882805115416,Ma in questa statistica sono presenti i dati occupazionali delle donne in mansioni gravose? Non vedo questa esigenza di paritÃ  in questi campi,2025-03-14 11:53:44,"1,741,949,624",
17902651698133989,Mi piacerebbe darvi un cervello per farvi capire come noi uomini e donne normodotati vi percepiamo. Probabilmente vorreste evaporare.,2025-03-14 11:54:10,"1,741,949,650",
18128176882417003,@lo_spartiacque studia,2025-03-14 11:54:15,"1,741,949,655",18052633895324030
17918574980960672,Giorgia Meloni,2025-03-14 11:54:34,"1,741,949,674",
18054944167916596,"@manuela.salzanotruccatrice al suo paese vi fermate troppo indietro. Avrebbe ragione se avesse scritto ""a noi tutti, uomini e donne, non frega nulla"". Ma siccome Ã¨ un generico noi, lei non puÃ² stabilire quale fronte voglia rappresentare. ""Noi"" puÃ² essere lui e il suo fidanzato. PuÃ² essere lui e il gruppo che gestisce con lui la pagina. Lui e i follower della pagina. L'italiano Ã¨ ""ragionare"" non farsi prendere dalla rabbia e spegnere le cellule cerebrali per dire quello che , in quel momento, si ritiene piÃ¹ offensivo e castrante.",2025-03-14 11:55:22,"1,741,949,722",18047317562062643
18062991296500292,Orcocane siete riusciti a sbagliare persino un titolo da temino della PRIMA ELEMENTARE ğŸ¤¡ğŸ¤£ğŸ¤¡,2025-03-14 11:55:44,"1,741,949,744",
18318757354207854,"@zerne_bog zeme, non rosicare! Volevo redarguirti, non rovinarti la giornatağŸ˜‚.",2025-03-14 11:56:45,"1,741,949,805",18047317562062643
18272892310269088,un'epoca ossessionata dai genitali ğŸ˜‚ adoro tutto e pagherei per sapere come la ricorderanno nel futuro (utopico) in cui l'umanitÃ  si sarÃ  decisa a uscire da questa desolante adolescenzialitÃ  massificata,2025-03-14 11:56:50,"1,741,949,810",
18092701150555919,"""se ci fermiamo noi si ferma il mondo"", che autostima! Il Re Ã¨ NUDM e la gente si sta svegliando",2025-03-14 11:56:53,"1,741,949,813",
18057603914089644,"@manuela.salzanotruccatrice detto da una persona che si dichiara sensiente, porcoilcristo e tutti gli apostoliğŸ¤¦ğŸ¼âœŒğŸ»ğŸ»",2025-03-14 11:57:17,"1,741,949,837",18047317562062643
18007515911709482,"@manuela.salzanotruccatrice che Ã¨ esattamente quello che sto dicendo, a una donna normale non cambia che ci sia un uomo o una donna ma cosa esso/a fa",2025-03-14 11:58:04,"1,741,949,884",18133539895402940
18042376940590498,Persone dannose e pericolose per la collettivitÃ .,2025-03-14 11:58:17,"1,741,949,897",
18044922701368152,"@zerne_bog tipica uscita di chi non ha mai aperto un libro, eccetto forse la biografia di Elodie. Chiaramente, non per leggerlağŸ˜‚. Qualcosa mi dice che tra poco metterai un commento lapidario e poi subito mi bloccherai per avere l""ultima parola. ğŸ¤” Siete cosÃ¬ scontati.",2025-03-14 11:58:57,"1,741,949,937",18052633895324030
18063302359809295,"""Se ci fermiamo noi si ferma il mondo"" ğŸ˜‚ in Islanda fecero una cosa simile, il ""mondo"" andÃ² avanti lo stesso. ğŸ¤·ğŸ»â€â™‚ï¸ problemi seri di megalomania mentre si dice agli altri di averli... ğŸ˜‚",2025-03-14 11:59:00,"1,741,949,940",
18069616444893400,ğŸ¤¦ğŸ»â€â™‚ï¸,2025-03-14 11:59:31,"1,741,949,971",
17874238245294225,"@lo_spartiacque dici cose che si contraddicono, cosa vuoi ""redarguire"" col tuo paternalismo spiccio perfettamente integrato nella societÃ  ğŸ˜‚",2025-03-14 12:00:37,"1,741,950,037",18047317562062643
17999186885757613,Si lamentano poi scelgono facoltÃ  umanistiche â˜•ï¸ğŸ¤¡,2025-03-14 12:01:01,"1,741,950,061",
18066750100906455,@manuela.salzanotruccatrice lo stridio degli specchi Ã¨ assordante. ğŸ˜‚,2025-03-14 12:01:02,"1,741,950,062",18047317562062643
17886486825127152,"pazzesco quindi mi stai dicendo che essere maschi o femmine non importa, l'importante Ã¨ essere competenti indipendentemente da cosa si ha in mezzo alle gambe??? assurdo!",2025-03-14 12:02:07,"1,741,950,127",18045411659360434
17893655925192296,@lo_spartiacque poveretto ğŸ˜‚ ripeto prima di parlare di qualcosa studialo o taci,2025-03-14 12:02:58,"1,741,950,178",18052633895324030
18183659779309020,""" se ci fermiamo noi, si ferma il mondo "" ğŸ˜‚",2025-03-14 12:03:00,"1,741,950,180",
17959324502870755,@zerne_bog nell'articolo si parla di incarichi politici.,2025-03-14 12:04:23,"1,741,950,263",18052633895324030
18129051415409853,ğŸ˜‚ğŸ˜‚ğŸ˜‚,2025-03-14 12:04:31,"1,741,950,271",
18053217370963695,"E ci sono solo maschi nelle posizioni di lavoro piÃ¹ usuranti.
Quindi?",2025-03-14 12:05:08,"1,741,950,308",
18085084672547646,"â€œSe ci fermiamo noi si ferma il mondoâ€â€¦giÃ , se ci fermiamo noi invece vi fermate voi perchÃ© non avete piÃ¹ meccanici, camionisti per i prodotti del quotidiano, muratori per riparare i vostri muri, raccoglitori per le vostre derrate alimentari, in altre parole tempo libero per chieder privilegi in nome della vagina. ğŸ¤¦ğŸ»â€â™‚ï¸",2025-03-14 12:05:34,"1,741,950,334",
18274425565301642,"""GNOOOOOOO NON Ãˆ VERO MISANTRIKEHHHHHHH E GIORGIA MELONI ALLORAHHH???!!!11+ EH???EH1111?"". Anche oggi il circo dei maschi frustrati ha dato spettacolo ğŸªğŸªğŸªğŸ¤¡ğŸ¤¡ğŸ¤¡ğŸ¤¡ğŸ¤¡ğŸ¤¡",2025-03-14 12:06:02,"1,741,950,362",
18005769323559422,"@zerne_bog che patetica imbecilleğŸ˜‚. ""Studia!"" ""Taci!"". Ma ti scaccoli, mentre scrivi certe coseğŸ˜‚. Che vergogna...",2025-03-14 12:06:23,"1,741,950,383",18052633895324030
17904029901031498,@babbio.it il problema Ã¨ proprio questo ci sono milioni di donne molto piÃ¹ capaci dei colleghi maschi ma essendo donne vengono retribuite di meno e difficilmente hanno un incarico piÃ¹ elevato dei colleghi maschi con stesse identiche mansioni,2025-03-14 12:06:46,"1,741,950,406",18133539895402940
17869648824331212,La sessualizzazione delle conpetenze,2025-03-14 12:06:49,"1,741,950,409",
18270965254252590,"@lo_spartiacque sono un uomo, merda",2025-03-14 12:07:26,"1,741,950,446",18052633895324030
18284477230216600,"@frigo.r_mortis vero, mea culpa, ciÃ² non toglie che la situazione sia grave in ogni ambito",2025-03-14 12:08:12,"1,741,950,492",18052633895324030
18165951631327748,"@mine.strength stavo cercando le statistiche del nulla cosmico successo in Islanda per lo sciopero delle donne, non le ho trovate, ho optato per lâ€™attacco diretto ğŸ¤£ğŸ«¶ğŸ»",2025-03-14 12:08:30,"1,741,950,510",18063302359809295
17960738264761124,"@zerne_bog non ho capito: ""sei un uomo-merda""? Strana creatura ğŸ˜‚. Immagino che odorino. Comunque che fai, ti arrabbi se ti scambio per una donna? Ãˆ cosÃ¬ umiliante per te?",2025-03-14 12:10:39,"1,741,950,639",18052633895324030
18068742103810041,ğŸ¥± ğŸ¥± ğŸ¥± ğŸ¥± ğŸ¥± ğŸ¥± ğŸ¥± ğŸ¥± ğŸ¥± ğŸ¥±,2025-03-14 12:10:54,"1,741,950,654",
18334082242080518,"@the_hiking_polyglot avevo letto un articolo a riguardo. Il sunto era che praticamente la ""protesta"" femminista non aveva avuto nessun effetto sulla vita di tutti i giorni come millantavano. In pratica tu hai detto in modo ""empirico"" ciÃ² che riassumeva l'articolo ğŸ˜‚ğŸ™ŒğŸ»",2025-03-14 12:11:14,"1,741,950,674",18063302359809295
17926804053021415,@mine.strength me lo ricordo bene. Ãˆ che volevo la prova ğŸ˜‰,2025-03-14 12:14:45,"1,741,950,885",18063302359809295
18053999114155738,"@lo_spartiacque no non Ã¨ umiliante, sei piÃ¹ umiliante tu per te stesso che sei partito con mansplaining, insegnando come vivere non sapendo che sono uomoğŸ˜‚ comunque stai tranquillo non ti blocco ğŸ˜‚ mi fai sganasciare",2025-03-14 12:15:31,"1,741,950,931",18052633895324030
18058922056875449,@ap_me e poi come la plachi la sete senza fine di potere e controllo? ğŸ˜‚,2025-03-14 12:15:38,"1,741,950,938",18333666259090110
18306249631233472,Mashghio biango patriarcatp,2025-03-14 12:16:33,"1,741,950,993",
18068232835729089,@the_hiking_polyglot ah non basta credere alle coglionate che dice la corrente mainstream e/o l'influnzer ritardato di turno? ğŸ˜‚,2025-03-14 12:16:56,"1,741,951,016",18063302359809295
18089824267573996,Detto in un periodo storico in cui il presidente del consiglio e il leader dell'opposizione sono entrambe donne fa un pochino ridere.,2025-03-14 12:16:58,"1,741,951,018",
17966946701853699,"@zerne_bog ti sei sentito degradato perchÃ© mi sono rivolto a te come fossi donna. Questo perchÃ© per me non conta se hai un pene o una vagina, per te si. GiÃ  qui si vede il divario...",2025-03-14 12:22:47,"1,741,951,367",18052633895324030
18034744481540360,@lo_spartiacque non hai capito ma non mi stupisco ğŸ˜‚,2025-03-14 12:23:37,"1,741,951,417",18052633895324030
18075829237741795,Ogni giorno entro su Instagram e imparo un neologismo inutile.,2025-03-14 12:24:34,"1,741,951,474",
18059263607059333,@zerne_bog uno come te come puÃ² stupirsi? Solo afferrare un concetto porta stupore. ğŸ˜‚,2025-03-14 12:26:19,"1,741,951,579",18052633895324030
17897063139172919,"@the_hiking_polyglot la societÃ  piomberebbe nella preistoria, e forse Ã¨ solo questo il modo di farci sentire.",2025-03-14 12:27:56,"1,741,951,676",18085084672547646
17962459022859193,Il ministro non sa quello che dice....,2025-03-14 12:29:06,"1,741,951,746",
18052950998180787,"Avete ragione, MURATORI, CARPENTIRI, NETTURBINI, IDRAULICI, ELETTRICISTI, SALDATORI ECC. SONO TUTTI LAVORI UOMOCRATICI. FATE INSERIRE LE QUOTE ROSE ANCHE IN QUESTI LAVORI",2025-03-14 12:30:58,"1,741,951,858",
18074437396818490,"@manuela.salzanotruccatrice nel tuo mondo fatto di negazione della realtÃ , nel mio mondo invece Ã¨ l'esatto opposto ğŸ¤·ğŸ»â€â™‚ï¸ la mua collega prende piÃ¹ di me e non fa un cazzo tutto il giorno, tanto sgobbo io! Ah giÃ , Ã¨ vero io sono un uomo bianco etero cisgender, il peggio del peggio, la feccia della societÃ , un potenziale stupratore, un violento dalla nascita, uno da rieducare e decostruire, uno che appartiene alla categoria che fa solo sbagli e che si deve cambiare totalmente dalla radice per avere una societÃ  migliore, la mia colpa? Essere nato col pisello.",2025-03-14 12:32:43,"1,741,951,963",18133539895402940
17949852131796859,"Basta vedere le puttanate della Von Der Leyen, oppure Ã¨ un uomo?",2025-03-14 12:34:11,"1,741,952,051",
18082150021624807,"@luca.gruppo ma va ma ti pare....loro vogliono i posti di rilievo, per loro la paritÃ  e l'equitÃ  Ã¨ un buffet dove prendono diritti e privilegi, mentre la responsabilitÃ , e tutte le altre cose negative le lasciano lÃ¬.",2025-03-14 12:41:23,"1,741,952,483",18052950998180787
18064279852938044,Il solito articolo schifoso di becera propaganda,2025-03-14 12:44:12,"1,741,952,652",
18050699501227780,Ormai si Ã¨ creata questa linea di marketing allarmista per la quale siamo in Iran.,2025-03-14 12:44:37,"1,741,952,677",
18042721454126662,"In un'Italia dove a capo dei due partiti politici principali ci sono due donne, e in un'Europa con a capo una donna... L'affermazione piÃ¹ demenziale del mese",2025-03-14 12:45:14,"1,741,952,714",
18132373357403253,Ok che non Ã¨ proprio gnocca ma mi pareva di ricordare che la Meloni fosse una donnaâ€¦bho ma magari mi sbaglio.,2025-03-14 12:45:15,"1,741,952,715",
18157167739352231,"@el_perro._.suelto esatto. Questa cosa del buffet mi manda in bestia. E finchÃ© si comporteranno cosÃ¬, 1. Non verranno mai prese seriamente  2. Non avranno mai la mia solidarietÃ  e comprensione",2025-03-14 12:45:27,"1,741,952,727",18052950998180787
17906718636104759,Abbiamo un presidente donnağŸ’€,2025-03-14 12:46:51,"1,741,952,811",
18001682327740966,"In che modo il sesso della persona al potere favorisce piÃ¹ uomini che donne? La Meloni favorisce particolarmente le donne? Trump favorisce particolarmente gli uomini? Fanno tutti il cazzo che vogliono, guardando solo ai propri interessi.",2025-03-14 12:48:29,"1,741,952,909",
17887288002122202,"Detto da una che diffama, non argomenta e riversa il suo odio verso un intero genere. Torna nel mondo delle fiabe",2025-03-14 12:50:06,"1,741,953,006",18274425565301642
18073864447696444,*androcrazia. Se dovete inventare le parole inventatele bene almeno,2025-03-14 12:50:34,"1,741,953,034",
18277470253270512,"@luca.gruppo facciamo a meno della tua solidarietÃ  e comprensione Luca, grazie del pensiero",2025-03-14 12:50:49,"1,741,953,049",18052950998180787
17953312916794903,"Provo vergogna per voi, siete solo bambine capricciose. Dovreste essere contente che vi lasciamo libere di sbraitare cazzate senza dire nulla e vi va di lusso che non ci fermiamo noi, poi voglio vedere chi costruisce le infrastrutture",2025-03-14 12:50:57,"1,741,953,057",
17870901237317713,"@giuseppe_schilla vedo che sei a buon punto nella decostruzione, complimenti ğŸ˜‚",2025-03-14 12:56:41,"1,741,953,401",18133539895402940
18029183468638142,"Spero ritorni il patriarcato, quello vero.",2025-03-14 13:00:49,"1,741,953,649",
18108840976484686,"Questa sinistra Ã¨ uguale alla destra di quindi anni fa, stesse strategie retoriche, stesse fallacie logiche, stessi meccanismi ghettizzanti, stesso vuoto di idee concrete, stessi discorsi ciecamente ideologici. FinchÃ© non cambia, purtroppo, la Meloni e Trump spadroneggieranno e speriamo che il mondo rimanga in piedi nel frattempo.",2025-03-14 13:09:34,"1,741,954,174",
18293541634171581,@france_fanta Â«adolescenza di massaÂ» mi pare davvero un'ottima definizione!ğŸ‘,2025-03-14 13:12:19,"1,741,954,339",18272892310269088
17939352734988027,"@the_hiking_polyglot dimenticavo una citazione meritevole in questo caso: ""ci stiamo ca-ca-ndo sotto!"" ğŸ˜‚",2025-03-14 13:13:09,"1,741,954,389",18063302359809295
18057275375113748,â€œSe ci fermiamo noi si ferma il mondoâ€ ma queste esattamente in quale mondo vivono? Devono avere un ego smisurato e sono completamente dissociate dalla realtÃ â€¦ oltretutto lo sciopero femminista in Islanda prova esattamente il contrario.,2025-03-14 13:13:27,"1,741,954,407",
18056886425143039,"@nikolas_renzi aspetta, tra poco arriverÃ  qualcuno a scriverti che Â«non Ã¨ una donnaÂ». Non scherzo. Aspetta e vedrai",2025-03-14 13:14:17,"1,741,954,457",17918574980960672
18015577400696701,ğŸ˜‚ğŸ˜‚ğŸ˜‚,2025-03-14 13:14:20,"1,741,954,460",
18077564773665264,"Spoiler: se vi fermate voi, nessun succede un catso ğŸ˜‚",2025-03-14 13:17:40,"1,741,954,660",
18269733646266202,"@luca.gruppo E poi vai a scoprire che gli uomini che fanno questo lavoro guadagnano anche di meno rispetto a lavori tipo receptionist o hostess, lavori poco faticosi in cui guadagnano relativamente bene.",2025-03-14 13:25:03,"1,741,955,103",18052950998180787
18448264516075229,"Sempre questa contrapposizione tra donne e maschi, non si parla mai di uomini, ma sempre e solo di ""maschi"", come se neanche fossero umani...",2025-03-14 13:29:54,"1,741,955,394",
18076136563739009,"@the_hiking_polyglot ma sei rimasto nel medioevo? Anche noi donne facciamo di questi lavori e in dei paesi, dopo anni e anni di lotte per l'uguaglianza, le percentuali stanno finalmente cominciando ad essere simili.",2025-03-14 13:36:19,"1,741,955,779",18085084672547646
18004651268728047,@mine.strength ğŸ˜‚,2025-03-14 13:36:47,"1,741,955,807",18063302359809295
17924211351030029,"@alessiomoroni_art Oppure delle presidenti della commissione europea o della banca centrale europea donne, no aspetta anche qui... Ecco, magari una segretaria del PD donna! No, aspetta di nuovo... ğŸ¤”",2025-03-14 13:38:02,"1,741,955,882",18045411659360434
18079306471659066,Quindi a mellona non ha avaggina non sapevoğŸ˜‚ğŸ˜‚ğŸ˜‚ğŸ˜‚ğŸ˜‚,2025-03-14 13:39:26,"1,741,955,966",
18057476803891290,"ma dai un India ci sono piÃ¹ donne che uomini, perchÃ© fa cosÃ¬ schifo..... sporca ma sporca ma sporca",2025-03-14 13:45:44,"1,741,956,344",
18093324862489315,"Vero, Giorgia Meloni non ha alcun potere in Italia.",2025-03-14 13:48:29,"1,741,956,509",
17854608069351954,Quando schiatterÃ  De Benedetti (il vostro editore) sarÃ  festa nazionale,2025-03-14 13:56:30,"1,741,956,990",
18036130697551497,Il solo mi pare esagerato,2025-03-14 14:08:11,"1,741,957,691",
18059747095998833,ChissÃ  in quale fiaba l'hai letta ğŸ˜‚,2025-03-14 14:12:01,"1,741,957,921",18085084672547646
18108363931483865,"Vez, persino in paesi non sviluppati come l'India e il Pakistan il 50% della forza lavoro nella costruzione di edifici Ã¨ donna. Bisogna davvero vivere in uno sput0 di paese per pensare che non esistano donne meccanico, camionista o muratrici. Idem vale per la raccolta di frutta e verdura.",2025-03-14 14:15:32,"1,741,958,132",18085084672547646
18098644567515251,E allora a perchÃ© esistono piÃ¹ donne di buon costume che uomini? Non mi sembra giusto,2025-03-14 14:19:10,"1,741,958,350",
18073371775829094,ğŸ˜‚ğŸ™ğŸ»â¤ï¸,2025-03-14 14:21:15,"1,741,958,475",18272892310269088
18110141653477367,"Ancora, in quale fiaba lo hai letto?",2025-03-14 14:24:23,"1,741,958,663",18085084672547646
18046619870075652,Procedono a dare fuoco ad un fantoccio della Meloni.,2025-03-14 14:29:40,"1,741,958,980",
18061068835992679,Il capo dellâ€™ Italia ha letteralmente la fica. ğŸ˜‚ğŸ˜‚,2025-03-14 14:29:59,"1,741,958,999",
17900738226137781,"I dati ufficiali dicono che le donne operaie nell'edilizia sono il 7%. Il tuo arrotondamento per eccesso mi sembra un tantino ottimistico... poi indichi il pakistan come paese virtuoso in tal senso. Effettivamente un luogo dove le donne non possono manco tenere le finestre di casa aperte se non c'Ã¨ l'uomo presente Ã¨ perfettamente logico che permetta di lavorare alle stesse in cantiere. Vorrei cambiare domanda e chiederti, esuistono nuove droghe di cui magari non conosco l'esistenza? PerchÃ© gli effetti allucinogeni su di te sembrano interessanti... ğŸ˜‰ğŸ˜‚",2025-03-14 14:36:33,"1,741,959,393",18085084672547646
18275193592271729,@the_hiking_polyglot impara a stirare va,2025-03-14 14:50:07,"1,741,960,207",18085084672547646
18067492510911524,"@federica_mariotti985 pronti! Hai bisogno? Prendo 12â‚¬ allâ€™ora, ma solo perchÃ© sei una donna vittima del privilegio maschile. ğŸ˜",2025-03-14 14:53:38,"1,741,960,418",18085084672547646
17945577401957789,"Purtroppo la caciottara ci ha dato un assaggio, amaro, di cosa significa avere una donna ai vertici..le donne italiane proprio per questa cattiva reputazione dovrebbero scendere in piazza in massa andare a Roma e chiedere lo svolgimento delle camere",2025-03-14 14:56:57,"1,741,960,617",
18169897447322958,@mine.strength Dio NUDM che pazienza hai!,2025-03-14 14:59:10,"1,741,960,750",18085084672547646
18486930727057667,ğŸ‘,2025-03-14 15:00:49,"1,741,960,849",18073864447696444
18037576736446253,"@the_hiking_polyglot pazienza ed io siamo due parallele che mai si incontreranno, mi diverto piÃ¹ che altro. ğŸ˜‚ Se avessi pazienza proverei a dialogare e capire le ragioni. Purtroppo ragioni da capire nei piagnistei non ce ne sono ğŸ˜‚",2025-03-14 15:01:03,"1,741,960,863",18085084672547646
18074795776783291,E assurdo leggo commenti di donne che si lamentano del sessismo e poi giudicano i commenti di una persona in base al sesso ma si puÃ² essere cosÃ¬ ipocriti!?!?!,2025-03-14 15:09:44,"1,741,961,384",
18074444314695263,Vogliamo parlare della Ursula?,2025-03-14 15:11:44,"1,741,961,504",
18098557546517151,Sono cosÃ¬ indottrinate che non si rendono conto nemmeno che il mondo sta cambiando in loro favore tanto da essere sessista al contrario,2025-03-14 15:15:38,"1,741,961,738",18045411659360434
18043452836121340,"Ma dove avrei indicato il Pakistan come paese virtuoso? E i dati ai quali mi riferisco sono dell'India. Ma ripeto, felice tu nel tuo paesino medievale che crede che sono gli uomini lavorano e le donne non alzano un dito, al massimo stanno a casa.",2025-03-14 15:39:10,"1,741,963,150",18085084672547646
18054102794128512,"Naomi, cucciola, nel suo paesino medievale sanno leggere, nel tuo avanzato manco si ricordano quello che hanno scritto dieci minuti prima, a giudicare da te. ğŸ¤¦ğŸ»â€â™‚ï¸ğŸ˜",2025-03-14 15:47:47,"1,741,963,667",18085084672547646
18492850180034563,"Si su tiktok sicuramente, nella realtÃ  io vedo nelle centrali idroelettriche solo uomini. Praticamente se fanno sciopero gli uomini non avreste nemmeno l'energia elettrica per scrivere tutte ste cazzate.",2025-03-14 15:54:56,"1,741,964,096",18085084672547646
18080591335630239,Quando vanno al potere diventano come gli uomini...,2025-03-14 15:55:40,"1,741,964,140",
17860189404310251,"Ci mancherebbe, vi Ã¨ caduta la maschera del ""combattiamo per ka paritÃ "" giÃ  da molto tempo, avete i giorni contati perchÃ© ad oggi non nascondete neanche piÃ¹ la misandria ed Ã¨ sotto gli occhi di tutti. Voi non volete la paritÃ , volete vendetta, volete rivalsa sociale, siccome le donne in passato sono state discriminate (solo un pazzo puÃ² dire il contrario) voi volete far passare alla nuova generazione di maschi (innocenti) ciÃ² che ha passato la vecchia generazione di femmine. Come far pagare ai nuovi tedeschi l'orrore dell'olocausto, follia.",2025-03-14 16:03:36,"1,741,964,616",18133539895402940
18055066909926089,Ls dimostrazione che la stupiditÃ  non ha genere e che piÃ¹ stupidi/e si riuniscono piÃ¹ c'Ã¨ da aver paura,2025-03-14 16:03:48,"1,741,964,628",
18159337357343644,@luca.gruppo tanto non vengono prese seriamente che grazie al governo ce lo stanno buttando al culo giÃ  da almeno 7 anni.... La cosa Ã¨ piÃ¹ seria di quanto crediamo,2025-03-14 16:05:05,"1,741,964,705",18052950998180787
17960022401865894,Il vero giornalismo di sinistra ğŸ¤£,2025-03-14 16:11:28,"1,741,965,088",
18070562248848194,hahahahahah ğŸ˜‚,2025-03-14 16:45:30,"1,741,967,130",
18069932185853765,ğŸ‘ğŸ‘,2025-03-14 16:51:21,"1,741,967,481",
18057039896027545,"Quando faccio notare che esiste la meloni e mi rispondono con ""eh ma ragiona come un uomo"" quindi quello che fate capire Ã¨ ""non ce ne frega niente se Ã¨ donna, deve fare e pensare come diciamo noi"" ergo, non rompete, meritocrazia, le quote rosa sono una stronzata",2025-03-14 16:52:57,"1,741,967,577",
18066459910904333,"Se invece ci fermiamo noi, vi fermate voi e tutto il resto appresso. Vorrei vederlo un mondo di femministe senza netturbini, senza muratori, senza meccanici, senza asfaltisti. Ma dai su smettetela di ragionare solo in base a cosa avete tra le gambe.",2025-03-14 17:19:59,"1,741,969,199",
18039825350187929,"@giuseppe_schilla certo Giuseppe, hai ragione tu â¤",2025-03-14 17:37:55,"1,741,970,275",18133539895402940
17857496328389218,"Mai vista una donna muratore, spazzina, ecc. Per non parlare dei lavori piÃ¹ pesanti..non a caso i morti sul lavoro sono al 97% uomini. I lavori piÃ¹ pesanti e rischiosi li fanno gli uomini e questo Ã¨ un dato di fatto. Quanto a piagnistei vincete voi perÃ², su questo imbattibili ğŸ˜‚",2025-03-14 17:40:36,"1,741,970,436",18085084672547646
18112586800462648,AHAHAHHAHAHAHAHA MA PORCODDIO,2025-03-14 17:40:51,"1,741,970,451",18085084672547646
18493021807012065,"Ci sarÃ  un motivo, no?",2025-03-14 17:48:48,"1,741,970,928",
18035530994630250,"No hai ragione tu in quanto razza superiore, buona giornata ariana.",2025-03-14 18:06:56,"1,741,972,016",18133539895402940
18027583439636991,"Dico solo questo Ursula Von Der Leyen ""lady Guerra"", Christine Lagarde ""ciao povevy, Giorgia ""facciamo affari con Israele vendendo armi"" Meloni...ah quando le donne saranno al potere sarÃ  un mondo migliore",2025-03-14 18:08:44,"1,741,972,124",
17848122000428510,e la meloni non conta?,2025-03-14 18:22:03,"1,741,972,923",
18063200422787973,@giuseppe_schilla dai non fare lâ€™emotivo e fatti una risata,2025-03-14 18:35:32,"1,741,973,732",18133539895402940
17907123717076760,Una donna presidente del Consiglio e una donna a capo dellâ€™opposizione... non ho parole,2025-03-14 19:17:40,"1,741,976,260",
17880562284162061,"Anche oggi, grazie mamma per non essere una giornalista.",2025-03-14 19:21:41,"1,741,976,501",
18050340773193761,"Le femministe tossiche che scendono in piazza, che sono svariate migliaia e sempre le stesse alla fine stando a manifestare nn producono nulla e nn stanno lavorando, si possono definire ""ferme"" ma nn mi sembra che per questo l'Italia smetta di funzionare, fatta eccezione per quelli che disturbano coi loro cortei come negozianti e limitrofi. Di essere sempre la contraddizione di ciÃ² che dicono gli riesce cosÃ¬ difficile capirlo.",2025-03-14 20:07:16,"1,741,979,236",
18059775641083140,Una delle solite cazzatelle delle femministe,2025-03-14 21:29:45,"1,741,984,185",
18013019867695790,Letteralmente presidente del consiglio: donna. Presidente BCE: donna. Presidente UE: donna. Ma voi non siete normali,2025-03-14 22:17:50,"1,741,987,070",
18065476696915112,@luca.gruppo Sei un grande. Standing ovation,2025-03-14 22:35:39,"1,741,988,139",18052950998180787
17984735585654849,"In qualche modo riescono sempre a cagarsi in mano e prendersi a schiaffi da sole. Un momento ma questo Ã¨ ""menspleeeeeeeeiiiiiiiningggggggg"" ğŸ˜‚",2025-03-14 22:36:04,"1,741,988,164",18073864447696444
17978134799688722,"Il femminismo Ã¨ da vietare, spero nel vero patriarcato piuttosto che vedere ste schifezze vagare per le cittÃ  a frignare",2025-03-14 23:13:35,"1,741,990,415",
17943293213960648,Talmente vero che il premier Ã¨ una donnağŸ˜‚ğŸ˜‚ğŸ˜‚ğŸ˜‚ğŸ˜‚,2025-03-14 23:22:16,"1,741,990,936",
18134762734403536,Ahahha ma dove siamo ? Su scherzi a parte ? Posate il bicchiere,2025-03-14 23:23:26,"1,741,991,006",
18055876289142674,ğŸ˜‚,2025-03-14 23:28:02,"1,741,991,282",
18269961964282155,"Anche se si fermassero gli uomini. Sai, edilizia, manutenzione strade, acquedotti, linee elettriche, trivellazioni, petrolio, agricoltura, fabbriche, dalle pentole agli aeroplani.",2025-03-14 23:48:58,"1,741,992,538",
17961606389884318,"@stefano_andreola impianti di riscaldamento, manutenzione linee gas, tutti lavori dove ci vuole forza muscolare in piÃ¹. A cucinare lo sappiamo fare, stirare pure, le lavatrici e le lavastoviglie fanno tutto da sÃ©. Non so quale sesso si fermi chi ci va piÃ¹ a perdereğŸ˜‚",2025-03-14 23:50:36,"1,741,992,636",18269961964282155
17958774674868573,Quanti insegnanti donne ci sono e quanti uomini? In Medicina? In Infermeria? Nelle sfilate di moda? Chi Ã¨ Presidente del Consiglio? Nelle facoltÃ  Umanistiche?,2025-03-14 23:52:13,"1,741,992,733",
17907310512014316,"Sapete che questo articolo scadente ci farÃ  perdere altre 30 posizioni nella classifica mondiale della libertÃ  di stampa? Vi ricordo che siamo 56esimi.
Non sarebbe il caso che iniziaste a fare il vostro lavoro in maniera decente e degna invece di cercare di acchiappare il consenso di tutte le minoranze mentalmente distur*ate e perv*rtite?",2025-03-14 23:53:48,"1,741,992,828",
17946913124956324,"@luca.gruppo sai se si fermano questi sopra, hai voglia a dire""se ci fermiamo noi donne si ferma il mondo ""ğŸ˜‚ğŸ˜‚ğŸ˜‚",2025-03-15 00:00:06,"1,741,993,206",18052950998180787
18490326817050342,Speravo di morire prima di sentire cagate come â€œuomocraziaâ€,2025-03-15 00:00:22,"1,741,993,222",
18350382826196863,"CosÃ¬ alti che Giorgio Zucchini Ã¨ stato eletto presidente del consiglio, scandaloso",2025-03-15 00:01:05,"1,741,993,265",
17928369858040747,Davvero devo leggere queste cose qui???,2025-03-15 00:01:27,"1,741,993,287",
18056908826283621,Dipartimenti HR tutti bloccati ğŸ¤£,2025-03-15 00:07:07,"1,741,993,627",
17941264379978656,Non credevo che Giorgia Meloni fosse un uomo,2025-03-15 00:11:26,"1,741,993,886",
17845872315432437,Giorgia meloni col suo ciolone di 25 cm: ğŸ§â€â™€ï¸8==D,2025-03-15 00:14:25,"1,741,994,065",
18204189397306915,Presidente consiglio: donna; presidente cassazione: donna; presidente della corte costituzionale: donna. Lâ€™educazione in Italia Ã¨ in mano alle donne 80% degli insegnanti sono donneâ€¦. Ma di cosa state parlando?! Unica battaglia da combattere Ã¨ la paritÃ  di salario il resto Ã¨ fuffa,2025-03-15 00:23:47,"1,741,994,627",
18489659680043651,"Se vi fermate voi non cambia un cazzo. Se ci fermiamo noi invece, ci sarebbe da ridere, parecchio ğŸ˜",2025-03-15 00:47:01,"1,741,996,021",
18081505720568040,L'universo*,2025-03-15 01:17:46,"1,741,997,866",
18047782637197807,"Se si fermano gli uomini si ferma il mondo,se si fermano le donne non si ferma una ceppA",2025-03-15 01:19:17,"1,741,997,957",
17925042801041185,â€œCi sono solo maschi nelle posizioni di potereâ€ e il premier Ã¨ letteralmente una donnağŸ˜… avete rotto il cazz@,2025-03-15 01:50:48,"1,741,999,848",
18040938233154644,Post misandrico e basta segnalate la pagina in massa fate prima,2025-03-15 01:59:19,"1,742,000,359",
18054882224150197,"Ãˆ sessimo dire che le donne dovrebbero occupare le stesse posizioni degli uomini, come Ã¨ sessimo dire il contrario. Ãˆ razzismo dire che i neri dovrebbero occupare le posizioni dei bianchi, come Ã¨ razzismo il contrario. Quindi pura ipocrisia quella del femminismo, che tra parentesi finisce quando si inizia a parlare di coscrizione militare. Ma poi, se le posizioni di potere sono occupate da uomini, significa che la meloni e la schlein sono trans?",2025-03-15 02:45:47,"1,742,003,147",
18065439874755752,Effettivamente il nostro Presidente del Consiglio ha un pisello gigante,2025-03-15 03:22:45,"1,742,005,365",
18110533252426746,@alessiomoroni_art ğŸ‘ğŸ‘ğŸ‘,2025-03-15 07:04:13,"1,742,018,653",18045411659360434
17856175527341433,@niki_i17 e non solo..il capo dell'opposizione Ã¨ n'altra DonnağŸ˜‚,2025-03-15 07:20:13,"1,742,019,613",17943293213960648
18332908210080993,ma che cazzo vi fumate per diffondere cosÃ¬ tanta idiozia e malignitÃ ? basta con sta storia,2025-03-15 08:43:15,"1,742,024,595",
18054983851917052,Avete rotto il cazzo con sto dannato femminismo!!!,2025-03-15 09:12:38,"1,742,026,358",
18046349195354569,Pagliacci,2025-03-15 09:13:25,"1,742,026,405",
18072404650836977,"Presidente della commissione Europea Ã¨ una donna.
Presidente del consiglio dei ministri Ã¨ una donna.
Io onestamente tutta sta ""Androcrazia"" (molto meglio di Uomocrazia) non la vedo.",2025-03-15 09:26:45,"1,742,027,205",
18274819819265938,"ChissÃ , magari un giorno saremo governati da una donna.... Ma Hey aspetta, quel giorno Ã¨ arrivato...",2025-03-15 09:32:59,"1,742,027,579",
18113188837411272,la premier Ã¨ donna comunque,2025-03-15 09:33:33,"1,742,027,613",
18016068956698216,@daniele.manno_95 Dieci-quindici*,2025-03-15 09:45:47,"1,742,028,347",18108840976484686
18094208638542523,L'analfabetismo funzionale dei commenti  Ã¨ davvero spassoso! Coraggio @domanieditoriale e grazie per il vostro lavoro!ğŸ™Œ,2025-03-15 10:03:45,"1,742,029,425",
18041354282595822,ğŸ˜‚ğŸ˜‚ che ridere ğŸ¤£ buongiorno ğŸŒ,2025-03-15 10:05:44,"1,742,029,544",
18070239220803941,@the_last_stugis no,2025-03-15 10:23:58,"1,742,030,638",18006487973709648
18075265246740049,PROPAGANDA (pure spicciola e fallimentare),2025-03-15 10:37:02,"1,742,031,422",
18080075317729297,"Pensavo fosse ""lercio"" ğŸ˜‚ğŸ˜‚ğŸ˜‚ğŸ˜‚ğŸ˜‚ğŸ˜‚ğŸ˜‚ğŸ˜‚ğŸ˜‚",2025-03-15 10:50:15,"1,742,032,215",
18040062167611507,"Io preferirei un mondo senza posizioni di potere e privilegio, piÃ¹ che rendere egualitari CEO e manager ğŸ˜…",2025-03-15 10:58:10,"1,742,032,690",
17961617168890285,"Vittime nate ahahahahaha, imparate a fare gli uomini che forse vi consideriamo diversamenteğŸ˜‚ğŸ˜‚",2025-03-15 11:08:00,"1,742,033,280",18052950998180787
18006698237553333,ğŸ˜‚,2025-03-15 11:08:57,"1,742,033,337",
17907699588102348,@luca.gruppo come se le donne non facessero lavori faticososi. Piccolino voglio vederti a smerdar3 un anziano di 130 kg in una RSA 5/8 volte al giorno ğŸ˜‚ . Patetico,2025-03-15 11:09:40,"1,742,033,380",18052950998180787
17854649049351938,Ahahahhahahahah,2025-03-15 11:19:44,"1,742,033,984",
17938000346994567,"Infatti il primo ministro e la leader dellâ€™opposizione sono uominiâ€¦Poi se vogliamo fare i fenomeni almeno scriviamole bene le cose: androcrazia, non uomocrazia",2025-03-15 11:42:20,"1,742,035,340",
18045382544082838,2 posizioni di potere su quante?,2025-03-15 11:46:49,"1,742,035,609",18072404650836977
17899347651153755,Guarda quanti maschietti indignati nei commentiiiiii ğŸ˜‚ğŸ˜‚ğŸ˜‚ğŸ˜‚,2025-03-15 11:47:38,"1,742,035,658",
18058234549893578,"Io veramente fatico a comprendere la mentalitÃ  di voi sinistri. State continuamente a dire che non bisogna etichettare nessuno in base al genere, etnia ecc.. Ma fate continuamente distinzioni del genere. Che poi assurde e surreali ma questo Ã¨ un'altra storia.",2025-03-15 11:48:35,"1,742,035,715",
18082392025723469,Zizzania,2025-03-15 12:12:10,"1,742,037,130",
17985256727652127,E QUINDI?,2025-03-15 12:27:43,"1,742,038,063",
18392099767107013,Avreste anche rotto 3/4 di minchia,2025-03-15 12:40:53,"1,742,038,853",
18377945116190851,fascisti (maschi e patriarchi) dappertutto,2025-03-15 13:14:14,"1,742,040,854",
18074086984698454,Come si fermerebbe?,2025-03-15 13:17:10,"1,742,041,030",
17916804417077351,Il PdC Ã©?,2025-03-15 13:19:09,"1,742,041,149",
18131466196407309,"Avete ragione se ci fermate voi... si ferma il mondo ğŸ˜‚ğŸ˜‚ğŸ˜‚ğŸ˜‚ i cantieri saranno aperti, l agricoltura sarÃ  aperta...guardate care donne... che il mondo ai ferma se si fermano i settori primari e secondari... settori dove voi donnine NON andreste a lavorare nemmeno con la paga triplicata rispetto ad un uomo....",2025-03-15 13:55:27,"1,742,043,327",
18137779240385221,Giorgia Meloni Ã¨ un uomo,2025-03-15 13:58:34,"1,742,043,514",
18017339273496011,Io vedo solo misandria,2025-03-15 14:03:45,"1,742,043,825",
17889189102208912,"@y2ro.be esci dai social e vai in giro, ti sorprenderÃ  scoprire che i numeri pompati della tua religione non sono poi cosÃ¬ reali e che le donne sono in ogni campo. Se no  arrivano ai vertici dovrebbero semplicemente farsi piÃ¹ il culo e frignare di meno, se non vengono scelte magari Ã¨ perchÃ© sono incompetenti. Ma alla tua religione non piace considerare questa ""strana"" evenienza... ğŸ¤·ğŸ»â€â™‚ï¸ğŸ˜‚",2025-03-15 14:19:30,"1,742,044,770",18072404650836977
18074276905696422,@supa_green quindi fammi capire per meritare il tuo rispetto devoâ€¦ imparare a fare lâ€™uomo? Ti si sono suicidati i neuroni mentre lo scrivevi o veramente non vedi che hai solo confermato che nutri rispetto solo per il genere maschile?,2025-03-15 14:20:49,"1,742,044,849",18052950998180787
18083848096613551,"Oltretutto la Disney creÃ² un telefilm, indeato da femministe per combattere il patriarcato, nel periodo pandemia dove tutti gli uomini, tranne uno, perirono per un virus, le donne si resero conto di non avere competenze per i lavori di manutenzione basilari come gestire una centrale nucleare o semplicemente riattivare la corrente elettrica o pulire le fogne ect...cosÃ¬ si organizzarino in numerosi clan opposti pro-uomo e contro-uomo (in assenza di uomini ndr) tipo cheerleaders e iniziarono una guerra sorellicida. In tutto questo delirio, che non era diverso dal criticato ""mondo maschile"", il maschio superstite era un risibile femminista fanatico, un idiot4 dedito all'auto-sabotaggio, a cui le autrici misero in bocca dialoghi femministi indottrinanti. L'unica stagione andata in onda, poi cancellata, dimostrÃ² il contrario del motivo per cui fu creata: la soggettiva misandria narcisistica.",2025-03-15 14:21:23,"1,742,044,883",18063302359809295
18448470163078519,"""OpportunitÃ  di accesso ai ruoli di comando"", voi siete fuori.
Avete familiaritÃ  con il concetto di merito?",2025-03-15 14:23:23,"1,742,045,003",
18069161305847646,@the_last_stugis soprattutto percepiscono soldi per fare sti post?,2025-03-15 14:25:25,"1,742,045,125",18006487973709648
17896212630189256,"Devo recuperare questa perla ""comica"" ğŸ˜‚",2025-03-15 14:25:34,"1,742,045,134",18063302359809295
17941020059980843,"Era ""Y: L'ultimo Uomo""  buone risate ğŸ˜‚. Ps. Su Disney non c'Ã¨ piÃ¹, ovviamente, meglio cancellare le prove di un epic fail. Recupera Invece la serie di fumetti ""Y: The last man"" di Bryan K. da cui le splendide/di hanno ricavato l'adattamento (stravolgimento) per la Disney+.",2025-03-15 14:33:21,"1,742,045,601",18063302359809295
18024484067662415,"No Ã¨ che quando leggo cagate devo rispondere dicendone altrettante per vedere le femministe rincoglionite come te. PerÃ², per fortuna, ho conosciuto tante donne e FEMMINE degne di essere definite tali. Tu no.",2025-03-15 14:34:41,"1,742,045,681",18052950998180787
18049291658031691,"CercherÃ² in qualche sito di streaming, poi anche il fumetto. Grazie mille per la segnalazione... ğŸ™ğŸ»âœŒğŸ»ğŸ˜",2025-03-15 14:54:57,"1,742,046,897",18063302359809295
17935768904878459,@y2ro.be *errata corrige* in ogni campo che non sia lavoro fisico e usurante (esclusa agricoltura) stranamente le battaglie per le quote rosa in quei settori non sono cosÃ¬ veementi o che ne so per le quote blu nell'istruzione primaria. ğŸ¤·ğŸ»â€â™‚ï¸,2025-03-15 15:16:38,"1,742,048,198",18072404650836977
18070265722879155,Giornalista terrorista,2025-03-15 15:31:17,"1,742,049,077",
17854877709351248,@giuseppe_schilla solo uomini al potere (letteralmente il presidente del consiglio Ã¨ donna),2025-03-15 15:32:25,"1,742,049,145",17902651698133989
17886972507229875,ğŸ˜ŠğŸ‘,2025-03-15 15:46:11,"1,742,049,971",18063302359809295
18385341391114619,Analfabeti solo per il titolo,2025-03-15 16:37:32,"1,742,053,052",
18087838546607198,E quindi la Meloni Ã¨ un uomo. Come no ğŸ˜‚ğŸ¤¡ğŸ¤¡,2025-03-15 18:05:43,"1,742,058,343",
18069732913875768,@feminoska non ti abbattere cosi,2025-03-15 18:21:29,"1,742,059,289",18094208638542523
18487281013062165,E se la premier si identifica in un uomo? Eh? Come la mettiamo luridi transfemministi lgbtantipensierocritico worshippers?,2025-03-15 18:54:30,"1,742,061,270",
17870757669321700,ğŸ˜‚,2025-03-15 19:05:53,"1,742,061,953",18094208638542523
18042632117596043,"@y2ro.be il potere Ã¨ come il rispetto, va giadagnato non preteso.",2025-03-15 19:27:08,"1,742,063,228",18072404650836977
18031421606632795,I commenti sono bellissimi ğŸ˜‚,2025-03-15 19:27:17,"1,742,063,237",
18097414330525699,Pov:Meloni al governo,2025-03-15 19:37:15,"1,742,063,835",
18013550717687484,Articolo del domani? Benissimo..questa propaganda rispecchia in pieno la posizione pessima che ha la stampa in Italia ğŸ˜¢. Editoriali clickbaitğŸ‘ğŸ”¥,2025-03-15 19:47:44,"1,742,064,464",
17931383540901782,"Informazioni reperite da associazione mio.Cuggino e zia Teresa, mannaggia al Dio",2025-03-15 19:50:35,"1,742,064,635",
18037659548628473,"Quanti luoghi comuni in questo post ... non bastano i numeri a descrivere i fatti ... che le donne facciano figli lo ha deciso la natura ed Ã¨ incontrovertibile... questo fatto certamente incide sulla minore presenza delle donne nei posti apicali che richiedono una tipologia di lavoro senza orario ... io non lo vedo questo patriarcato e, sinceramente,  mi spaventa di piÃ¹ chi vuole annullare i ruoli naturali dell'uomo e della che non questa fantomatica uomocrazia.",2025-03-15 21:17:29,"1,742,069,849",
17852255082370724,"""Uomocrazia"" e poi il PD e compagnia non riescono a portare una donna in posizione di potere dai tempi di Nilde Iotti (grande donna). Invece i cattivi fascisti patriarcali di FDI hanno fatto sÃ¬ che una donna per la prima volta arrivi alla presidenza del consiglio",2025-03-15 21:19:26,"1,742,069,966",
18061294529071348,"@y2ro.be Presidente UE donna, presidente della BCE donna",2025-03-15 21:21:02,"1,742,070,062",18072404650836977
17896654947175711,"@y2ro.be Ah sÃ¬ poi Kaja Kallas, alto rappresentante UE per gli esteri e la difesa",2025-03-15 21:22:17,"1,742,070,137",18072404650836977
17870084772331098,@y2ro.be Poi i cattivissimi fascisti hanno portato una donna alla presidenza del consiglio ğŸ¤£,2025-03-15 21:22:41,"1,742,070,161",18072404650836977
17920590354061685,Rosichi dal 2022ğŸ˜‚fai figura migliore a tacere frustrata,2025-03-15 21:25:54,"1,742,070,354",18274425565301642
17858694783385793,E me ne hai dette 4. Su quanti mila uomini?,2025-03-15 21:46:06,"1,742,071,566",18072404650836977
17899873797153520,@y2ro.be ğŸ¥±ğŸ¥±ğŸ¥±,2025-03-15 21:46:53,"1,742,071,613",18072404650836977
17964767267745083,"@y2ro.be capo dell'opposizione in Italia, Germania e Francia Ã¨ una donna. L'Inghilterra ha appena sepolto una regina che ha governato 70 anni, abbiamo donne capi di governo e di stato anche in altri paesi europei, basta guardare. Poi oh ognuno crede a quello che vuole",2025-03-15 21:50:01,"1,742,071,801",18072404650836977
17852091636375976,ğŸ˜‚ğŸ˜‚ğŸ˜‚ğŸ˜‚,2025-03-15 23:27:28,"1,742,077,648",
17853269808408226,Non serve CREDERE. Basta GUARDARE una qualsiasi foto di un qualsiasi meeting,2025-03-16 11:33:38,"1,742,121,218",18072404650836977
18054731882150248,@y2ro.be se non ricordo male la Germania addirittura Ã¨ appena uscita da 20 anni di governo di una donna...,2025-03-16 13:57:24,"1,742,129,844",18072404650836977
18109646932474354,"Come gli inglesi con una regina. La parola chiave rimane ""una"". Dimmi, come ci si sente a negare l'evidenza?",2025-03-16 14:16:13,"1,742,130,973",18072404650836977
18374874271144115,"@y2ro.be mah guarda non so che studi tu abbia fatto ma gli inglesi di regine ne hanno avute molte, come molti altri capi di stato donne si sono avute in tutta Europa, e lo sapresti se avessi studiato Storia, poi ripeto ognuno crede a quello che vuole, io guardo ai fatti.",2025-03-16 14:58:22,"1,742,133,502",18072404650836977
